Prev.Length,Prev.Size,Tile.Size,,Browse.Time
-1,-1,-1,,19.67763445
1,-1,-1,,18.36268431
-1,1,-1,,19.78666534
1,1,-1,,18.21327047
-1,-1,1,,23.16146184
1,-1,1,,20.80867475
-1,1,1,,20.17551807
1,1,1,,17.57333211
-1,-1,-1,,17.54231598
1,-1,-1,,19.14025272
-1,1,-1,,16.4760899
1,1,-1,,19.23078506
-1,-1,1,,17.50976357
1,-1,1,,20.58076848
-1,1,1,,20.25373459
1,1,1,,19.64506068
-1,-1,-1,,23.16586211
1,-1,-1,,18.62156003
-1,1,-1,,18.04917095
1,1,-1,,15.49971604
-1,-1,1,,19.20533487
1,-1,1,,22.26276179
-1,1,1,,18.1803956
1,1,1,,14.04814881
-1,-1,-1,,21.58650095
1,-1,-1,,23.73689125
-1,1,-1,,17.27776964
1,1,-1,,17.4084195
-1,-1,1,,16.92140079
1,-1,1,,14.4278719
-1,1,1,,21.88478756
1,1,1,,17.66034417
-1,-1,-1,,15.80034745
1,-1,-1,,17.04318673
-1,1,-1,,21.10746344
1,1,-1,,16.93415455
-1,-1,1,,20.01100135
1,-1,1,,16.88595391
-1,1,1,,18.17842526
1,1,1,,14.61727137
-1,-1,-1,,18.75954351
1,-1,-1,,23.37849966
-1,1,-1,,22.66076643
1,1,-1,,22.76267644
-1,-1,1,,18.09530536
1,-1,1,,16.15499483
-1,1,1,,23.97860078
1,1,1,,11.43449399
-1,-1,-1,,20.70173395
1,-1,-1,,19.17425713
-1,1,-1,,16.25816636
1,1,-1,,14.53317408
-1,-1,1,,21.86575406
1,-1,1,,23.87806061
-1,1,1,,16.21098326
1,1,1,,11.32769664
-1,-1,-1,,22.09450631
1,-1,-1,,17.55081825
-1,1,-1,,15.79050696
1,1,-1,,13.24909327
-1,-1,1,,14.63388674
1,-1,1,,21.12845215
-1,1,1,,19.18901081
1,1,1,,18.27449546
-1,-1,-1,,18.40312186
1,-1,-1,,21.34630668
-1,1,-1,,23.75131458
1,1,-1,,13.66374008
-1,-1,1,,16.97333594
1,-1,1,,20.29919149
-1,1,1,,24.97142276
1,1,1,,20.44194198
-1,-1,-1,,27.69033241
1,-1,-1,,10.41315527
-1,1,-1,,21.2807098
1,1,-1,,19.45884913
-1,-1,1,,17.95524223
1,-1,1,,20.2646223
-1,1,1,,20.47607552
1,1,1,,20.01010138
-1,-1,-1,,26.93542117
1,-1,-1,,16.66044914
-1,1,-1,,19.67627232
1,1,-1,,17.58518508
-1,-1,1,,15.19015045
1,-1,1,,21.25478091
-1,1,1,,20.36930827
1,1,1,,19.58512208
-1,-1,-1,,16.46100043
1,-1,-1,,19.43590114
-1,1,-1,,14.67561994
1,1,-1,,16.50950673
-1,-1,1,,18.19902624
1,-1,1,,21.09174033
-1,1,1,,17.13990589
1,1,1,,14.836192
-1,-1,-1,,22.38334923
1,-1,-1,,21.75912819
-1,1,-1,,18.54424173
1,1,-1,,12.81816392
-1,-1,1,,18.35829974
1,-1,1,,17.41700033
-1,1,1,,21.85470665
1,1,1,,15.5565459
-1,-1,-1,,24.30297843
1,-1,-1,,21.2755695
-1,1,-1,,18.95938995
1,1,-1,,18.52798162
-1,-1,1,,15.27591189
1,-1,1,,17.59720531
-1,1,1,,22.17536613
1,1,1,,15.69539687
-1,-1,-1,,19.32207079
1,-1,-1,,19.03994968
-1,1,-1,,22.14925046
1,1,-1,,15.62146587
-1,-1,1,,24.81649984
1,-1,1,,13.75171946
-1,1,1,,18.88585025
1,1,1,,17.53647113
-1,-1,-1,,18.62951942
1,-1,-1,,19.21491768
-1,1,-1,,18.62951378
1,1,-1,,21.17005339
-1,-1,1,,21.97806013
1,-1,1,,13.94639903
-1,1,1,,22.34404804
1,1,1,,18.44514359
-1,-1,-1,,22.32080006
1,-1,-1,,17.58119891
-1,1,-1,,23.13092045
1,1,-1,,15.27952383
-1,-1,1,,19.25090578
1,-1,1,,20.52751697
-1,1,1,,25.71975052
1,1,1,,12.2354861
-1,-1,-1,,21.74540178
1,-1,-1,,20.54805176
-1,1,-1,,18.89780982
1,1,-1,,17.5340855
-1,-1,1,,17.50015269
1,-1,1,,24.96068572
-1,1,1,,21.07824137
1,1,1,,15.11693054
-1,-1,-1,,19.03832968
1,-1,-1,,20.57905561
-1,1,-1,,22.70970665
1,1,-1,,12.54742513
-1,-1,1,,18.3882839
1,-1,1,,18.29391895
-1,1,1,,20.42845161
1,1,1,,9.080018816
-1,-1,-1,,17.4443017
1,-1,-1,,19.32168752
-1,1,-1,,13.99357896
1,1,-1,,17.17012969
-1,-1,1,,18.8101087
1,-1,1,,17.17900835
-1,1,1,,21.45269335
1,1,1,,21.099886
-1,-1,-1,,17.97439017
1,-1,-1,,20.53625794
-1,1,-1,,17.27174472
1,1,-1,,17.25780148
-1,-1,1,,20.16628815
1,-1,1,,21.15634976
-1,1,1,,21.88622881
1,1,1,,9.397455088
-1,-1,-1,,26.67789666
1,-1,-1,,15.46240714
-1,1,-1,,22.85998763
1,1,-1,,16.21218007
-1,-1,1,,21.17345825
1,-1,1,,17.40365649
-1,1,1,,30.00587533
1,1,1,,16.06506906
-1,-1,-1,,19.5068378
1,-1,-1,,15.03315011
-1,1,-1,,26.69888354
1,1,-1,,18.83422634
-1,-1,1,,19.66571013
1,-1,1,,15.98491753
-1,1,1,,15.85099801
1,1,1,,19.49850873
-1,-1,-1,,16.49597372
1,-1,-1,,19.76165478
-1,1,-1,,20.45408277
1,1,-1,,21.63355331
-1,-1,1,,15.66144275
1,-1,1,,16.9014539
-1,1,1,,22.2181254
1,1,1,,13.26775018
-1,-1,-1,,19.42107592
1,-1,-1,,21.06542544
-1,1,-1,,19.25142075
1,1,-1,,18.81301173
-1,-1,1,,19.80792102
1,-1,1,,20.43647392
-1,1,1,,20.02240761
1,1,1,,11.31195091
-1,-1,-1,,15.95410647
1,-1,-1,,17.37482333
-1,1,-1,,16.12536085
1,1,-1,,21.32542057
-1,-1,1,,18.19190209
1,-1,1,,21.37682301
-1,1,1,,24.82448934
1,1,1,,13.98805461
-1,-1,-1,,21.44264989
1,-1,-1,,16.48840845
-1,1,-1,,22.62852137
1,1,-1,,10.47237263
-1,-1,1,,19.38564841
1,-1,1,,19.95960305
-1,1,1,,17.15773459
1,1,1,,14.3001761
-1,-1,-1,,18.36467765
1,-1,-1,,19.02763974
-1,1,-1,,22.04481764
1,1,-1,,18.99879026
-1,-1,1,,20.57726026
1,-1,1,,20.44792737
-1,1,1,,19.70505616
1,1,1,,17.90545823
-1,-1,-1,,18.9630483
1,-1,-1,,20.85368222
-1,1,-1,,15.81909528
1,1,-1,,20.81715781
-1,-1,1,,21.5748821
1,-1,1,,18.12216173
-1,1,1,,22.1403985
1,1,1,,14.36572652
-1,-1,-1,,16.91899184
1,-1,-1,,13.59651191
-1,1,-1,,18.43194299
1,1,-1,,16.76679731
-1,-1,1,,22.67892115
1,-1,1,,20.57131834
-1,1,1,,18.31370777
1,1,1,,17.95521947
-1,-1,-1,,18.3209105
1,-1,-1,,18.03953763
-1,1,-1,,16.48388017
1,1,-1,,13.17316519
-1,-1,1,,22.44723852
1,-1,1,,23.794706
-1,1,1,,19.75786381
1,1,1,,14.82820863
-1,-1,-1,,18.26488283
1,-1,-1,,19.86305829
-1,1,-1,,22.47798724
1,1,-1,,20.86412155
-1,-1,1,,18.00689195
1,-1,1,,18.75215233
-1,1,1,,17.32206168
1,1,1,,23.2825512
-1,-1,-1,,22.17780041
1,-1,-1,,21.71643526
-1,1,-1,,22.65171107
1,1,-1,,15.75111913
-1,-1,1,,18.91241883
1,-1,1,,15.65518588
-1,1,1,,20.2835417
1,1,1,,18.10079048
-1,-1,-1,,19.72158017
1,-1,-1,,25.76358812
-1,1,-1,,17.96744044
1,1,-1,,12.87434262
-1,-1,1,,22.72638691
1,-1,1,,18.90648505
-1,1,1,,20.14579942
1,1,1,,16.08017081
-1,-1,-1,,21.32020633
1,-1,-1,,23.31758187
-1,1,-1,,20.00677158
1,1,-1,,13.05366181
-1,-1,1,,21.8388816
1,-1,1,,20.93861459
-1,1,1,,18.12258545
1,1,1,,22.44567892
-1,-1,-1,,16.61687307
1,-1,-1,,18.89907992
-1,1,-1,,17.85872477
1,1,-1,,15.46773302
-1,-1,1,,20.02372037
1,-1,1,,12.31151451
-1,1,1,,19.62039067
1,1,1,,12.56897309
-1,-1,-1,,22.39287657
1,-1,-1,,15.59127205
-1,1,-1,,19.40165956
1,1,-1,,21.97308769
-1,-1,1,,25.85827963
1,-1,1,,21.26143962
-1,1,1,,14.44376477
1,1,1,,20.23030505
-1,-1,-1,,15.08093418
1,-1,-1,,19.38125527
-1,1,-1,,15.88947017
1,1,-1,,16.4881733
-1,-1,1,,17.33420033
1,-1,1,,18.84890558
-1,1,1,,18.00374893
1,1,1,,16.85514336
-1,-1,-1,,13.41890418
1,-1,-1,,17.36009508
-1,1,-1,,20.03556909
1,1,-1,,15.19804781
-1,-1,1,,13.39321956
1,-1,1,,19.96603485
-1,1,1,,15.46602532
1,1,1,,13.58368523
-1,-1,-1,,19.40947177
1,-1,-1,,20.04110386
-1,1,-1,,16.26848729
1,1,-1,,14.36633854
-1,-1,1,,17.70336509
1,-1,1,,22.55950849
-1,1,1,,22.08941192
1,1,1,,19.44151919
-1,-1,-1,,18.56040437
1,-1,-1,,23.04820017
-1,1,-1,,18.9038826
1,1,-1,,20.12895881
-1,-1,1,,22.17351035
1,-1,1,,21.29132458
-1,1,1,,21.91379281
1,1,1,,20.60862507
-1,-1,-1,,20.04330701
1,-1,-1,,23.73293139
-1,1,-1,,22.29997189
1,1,-1,,16.76985644
-1,-1,1,,18.51715255
1,-1,1,,21.29932059
-1,1,1,,12.76744589
1,1,1,,14.94177807
-1,-1,-1,,24.12793432
1,-1,-1,,16.36711968
-1,1,-1,,21.70119486
1,1,-1,,18.8047878
-1,-1,1,,19.87236342
1,-1,1,,19.81478144
-1,1,1,,23.27585071
1,1,1,,18.68318536
-1,-1,-1,,16.8926626
1,-1,-1,,19.85993539
-1,1,-1,,24.35361135
1,1,-1,,13.86831483
-1,-1,1,,23.57217502
1,-1,1,,20.66598809
-1,1,1,,24.85958841
1,1,1,,20.69493608
-1,-1,-1,,17.17064723
1,-1,-1,,22.63914349
-1,1,-1,,19.48194745
1,1,-1,,14.15195566
-1,-1,1,,16.75605668
1,-1,1,,18.2875797
-1,1,1,,18.32888336
1,1,1,,17.96601765
-1,-1,-1,,22.33469059
1,-1,-1,,21.64387613
-1,1,-1,,15.04381394
1,1,-1,,16.6508436
-1,-1,1,,20.03382811
1,-1,1,,18.93641425
-1,1,1,,17.30924773
1,1,1,,19.50285839
-1,-1,-1,,19.07261654
1,-1,-1,,17.15808704
-1,1,-1,,16.60613728
1,1,-1,,15.42030235
-1,-1,1,,20.66135252
1,-1,1,,20.12043357
-1,1,1,,25.33367889
1,1,1,,14.37379952
-1,-1,-1,,19.15564276
1,-1,-1,,11.28085868
-1,1,-1,,19.78984616
1,1,-1,,19.4954114
-1,-1,1,,18.5239405
1,-1,1,,18.99294591
-1,1,1,,22.11109226
1,1,1,,19.02387102
-1,-1,-1,,21.43255985
1,-1,-1,,17.41144953
-1,1,-1,,19.04715069
1,1,-1,,20.28775202
-1,-1,1,,17.83981258
1,-1,1,,17.07602289
-1,1,1,,20.21287553
1,1,1,,17.63470588
-1,-1,-1,,18.79910731
1,-1,-1,,21.40452691
-1,1,-1,,20.54018635
1,1,-1,,18.36261481
-1,-1,1,,24.20871115
1,-1,1,,16.60055353
-1,1,1,,26.54455827
1,1,1,,17.90664176
-1,-1,-1,,19.50435839
1,-1,-1,,22.15089451
-1,1,-1,,13.94881939
1,1,-1,,19.1579661
-1,-1,1,,18.55782698
1,-1,1,,23.15958865
-1,1,1,,16.0555801
1,1,1,,14.05172504
-1,-1,-1,,19.95554147
1,-1,-1,,19.70198557
-1,1,-1,,16.83361971
1,1,-1,,14.86467138
-1,-1,1,,22.49804858
1,-1,1,,19.60571943
-1,1,1,,19.18565296
1,1,1,,14.53770585
-1,-1,-1,,16.5826799
1,-1,-1,,20.93839268
-1,1,-1,,17.2487353
1,1,-1,,15.76395121
-1,-1,1,,17.56225148
1,-1,1,,21.93085315
-1,1,1,,17.14251097
1,1,1,,14.69224653
-1,-1,-1,,18.58091601
1,-1,-1,,19.95411016
-1,1,-1,,18.09486372
1,1,-1,,13.53111832
-1,-1,1,,19.86085664
1,-1,1,,19.81100708
-1,1,1,,17.48931094
1,1,1,,14.04087025
-1,-1,-1,,18.94937893
1,-1,-1,,17.32180506
-1,1,-1,,20.99304097
1,1,-1,,14.1575099
-1,-1,1,,17.92575727
1,-1,1,,25.69505359
-1,1,1,,12.9885922
1,1,1,,18.47834856
-1,-1,-1,,19.68645183
1,-1,-1,,23.57841432
-1,1,-1,,17.92147464
1,1,-1,,23.01944998
-1,-1,1,,24.06842508
1,-1,1,,18.57319759
-1,1,1,,19.03185267
1,1,1,,18.16999854
-1,-1,-1,,19.70084181
1,-1,-1,,18.44670468
-1,1,-1,,23.49880534
1,1,-1,,16.21766881
-1,-1,1,,19.13737789
1,-1,1,,18.20840416
-1,1,1,,19.53223403
1,1,1,,12.83259607
-1,-1,-1,,23.23001443
1,-1,-1,,19.07609212
-1,1,-1,,22.75935615
1,1,-1,,14.82598434
-1,-1,1,,24.41812446
1,-1,1,,18.54624808
-1,1,1,,17.81258679
1,1,1,,15.52869604
-1,-1,-1,,12.53318914
1,-1,-1,,20.28109828
-1,1,-1,,18.10235481
1,1,-1,,18.56589675
-1,-1,1,,23.49644278
1,-1,1,,17.93174291
-1,1,1,,18.86499806
1,1,1,,19.26968547
-1,-1,-1,,16.88223332
1,-1,-1,,18.62225448
-1,1,-1,,25.68545135
1,1,-1,,12.84392843
-1,-1,1,,24.56611501
1,-1,1,,19.52127895
-1,1,1,,21.71223585
1,1,1,,20.44204439
-1,-1,-1,,21.58730807
1,-1,-1,,21.4451425
-1,1,-1,,14.95767369
1,1,-1,,17.64000266
-1,-1,1,,16.53054192
1,-1,1,,14.7077044
-1,1,1,,19.72168831
1,1,1,,13.29379047
-1,-1,-1,,20.04549686
1,-1,-1,,18.88124415
-1,1,-1,,17.6921086
1,1,-1,,18.6274556
-1,-1,1,,19.95731632
1,-1,1,,21.74468009
-1,1,1,,22.08619355
1,1,1,,13.79390271
-1,-1,-1,,21.37456877
1,-1,-1,,20.71443961
-1,1,-1,,16.13191256
1,1,-1,,17.73298047
-1,-1,1,,17.70636349
1,-1,1,,21.07764847
-1,1,1,,21.20784806
1,1,1,,18.13012153
-1,-1,-1,,17.76519522
1,-1,-1,,18.72248686
-1,1,-1,,18.9088465
1,1,-1,,14.40202162
-1,-1,1,,20.30337972
1,-1,1,,21.32347341
-1,1,1,,15.93204998
1,1,1,,15.5833617
-1,-1,-1,,19.92284034
1,-1,-1,,16.93789508
-1,1,-1,,19.51716812
1,1,-1,,16.37635238
-1,-1,1,,20.01751988
1,-1,1,,25.70047419
-1,1,1,,23.02354877
1,1,1,,15.36847582
-1,-1,-1,,23.07486663
1,-1,-1,,15.79063106
-1,1,-1,,20.85128683
1,1,-1,,16.94578463
-1,-1,1,,22.8531145
1,-1,1,,19.59842063
-1,1,1,,23.01513166
1,1,1,,22.57400662
-1,-1,-1,,21.91020867
1,-1,-1,,22.64885296
-1,1,-1,,16.04450875
1,1,-1,,17.78606181
-1,-1,1,,19.01705609
1,-1,1,,20.45006062
-1,1,1,,21.88252155
1,1,1,,12.94349155
-1,-1,-1,,22.55926107
1,-1,-1,,19.78636735
-1,1,-1,,18.7007633
1,1,-1,,20.45440357
-1,-1,1,,22.67110627
1,-1,1,,20.43125279
-1,1,1,,21.69171688
1,1,1,,15.4677202
-1,-1,-1,,18.71929847
1,-1,-1,,20.84160314
-1,1,-1,,14.85950057
1,1,-1,,16.86975594
-1,-1,1,,18.2780026
1,-1,1,,16.76799041
-1,1,1,,21.94493993
1,1,1,,17.35338827
-1,-1,-1,,19.88227667
1,-1,-1,,19.69169632
-1,1,-1,,25.25363328
1,1,-1,,15.8148189
-1,-1,1,,18.08743656
1,-1,1,,20.31621304
-1,1,1,,16.31130467
1,1,1,,16.81830747
-1,-1,-1,,19.06024549
1,-1,-1,,17.72197861
-1,1,-1,,23.91392259
1,1,-1,,21.10781501
-1,-1,1,,26.30221235
1,-1,1,,23.92039857
-1,1,1,,19.46955509
1,1,1,,17.49228325
-1,-1,-1,,17.78056543
1,-1,-1,,16.92367315
-1,1,-1,,23.61519888
1,1,-1,,16.22350518
-1,-1,1,,14.9322945
1,-1,1,,21.85466826
-1,1,1,,20.3510153
1,1,1,,15.1034278
-1,-1,-1,,20.52170887
1,-1,-1,,18.38902798
-1,1,-1,,12.98382573
1,1,-1,,15.60011947
-1,-1,1,,18.77513769
1,-1,1,,20.52870503
-1,1,1,,22.23358888
1,1,1,,17.32242147
-1,-1,-1,,21.15274012
1,-1,-1,,17.21753061
-1,1,-1,,16.22703149
1,1,-1,,14.19213223
-1,-1,1,,23.90862944
1,-1,1,,20.37536595
-1,1,1,,21.25429333
1,1,1,,17.7487318
-1,-1,-1,,24.23585336
1,-1,-1,,13.3763621
-1,1,-1,,20.90734325
1,1,-1,,14.2175478
-1,-1,1,,20.38562243
1,-1,1,,19.56459711
-1,1,1,,16.73179818
1,1,1,,18.83971849
-1,-1,-1,,26.80029078
1,-1,-1,,18.96861436
-1,1,-1,,26.03875472
1,1,-1,,17.16552407
-1,-1,1,,21.07239648
1,-1,1,,19.27063418
-1,1,1,,20.94846156
1,1,1,,20.05445891
-1,-1,-1,,26.35763318
1,-1,-1,,21.14888076
-1,1,-1,,26.0851265
1,1,-1,,12.6782972
-1,-1,1,,22.5063869
1,-1,1,,20.14290795
-1,1,1,,15.0237504
1,1,1,,13.18184871
-1,-1,-1,,18.65589682
1,-1,-1,,17.5202223
-1,1,-1,,21.05023482
1,1,-1,,15.63884417
-1,-1,1,,18.21307761
1,-1,1,,18.3028722
-1,1,1,,17.76727448
1,1,1,,14.78986155
-1,-1,-1,,21.95071615
1,-1,-1,,16.84360593
-1,1,-1,,21.37866067
1,1,-1,,17.440355
-1,-1,1,,16.51208239
1,-1,1,,14.44712327
-1,1,1,,15.78814683
1,1,1,,16.61141277
-1,-1,-1,,21.49048389
1,-1,-1,,26.65262837
-1,1,-1,,22.04125858
1,1,-1,,14.31837164
-1,-1,1,,18.5159119
1,-1,1,,19.09080966
-1,1,1,,19.64520169
1,1,1,,19.44829181
-1,-1,-1,,17.41857728
1,-1,-1,,18.76544657
-1,1,-1,,25.1444922
1,1,-1,,20.25920283
-1,-1,1,,23.8571282
1,-1,1,,22.18344448
-1,1,1,,21.58572238
1,1,1,,16.1287387
-1,-1,-1,,20.97079391
1,-1,-1,,21.62816039
-1,1,-1,,22.11069405
1,1,-1,,9.760963457
-1,-1,1,,21.50881342
1,-1,1,,23.28403763
-1,1,1,,20.08779654
1,1,1,,18.95129181
-1,-1,-1,,16.71515928
1,-1,-1,,12.97495276
-1,1,-1,,17.67161487
1,1,-1,,16.96984268
-1,-1,1,,20.74253548
1,-1,1,,16.44082796
-1,1,1,,18.81693158
1,1,1,,16.09352062
-1,-1,-1,,20.87313275
1,-1,-1,,18.83393821
-1,1,-1,,23.62421253
1,1,-1,,16.83301396
-1,-1,1,,18.04638418
1,-1,1,,21.31576307
-1,1,1,,22.76368958
1,1,1,,22.14606281
-1,-1,-1,,16.98461076
1,-1,-1,,22.94507782
-1,1,-1,,21.29686149
1,1,-1,,22.50854478
-1,-1,1,,18.08711674
1,-1,1,,13.98725524
-1,1,1,,18.13633367
1,1,1,,16.49848829
-1,-1,-1,,20.55942878
1,-1,-1,,23.59422864
-1,1,-1,,21.35297698
1,1,-1,,19.80732126
-1,-1,1,,20.52029848
1,-1,1,,19.96792562
-1,1,1,,22.84541643
1,1,1,,17.58744195
-1,-1,-1,,19.48741994
1,-1,-1,,23.17655331
-1,1,-1,,18.39619421
1,1,-1,,17.34224799
-1,-1,1,,22.22017069
1,-1,1,,17.61562032
-1,1,1,,23.16584075
1,1,1,,14.4157013
-1,-1,-1,,17.26607905
1,-1,-1,,23.77453494
-1,1,-1,,17.30587196
1,1,-1,,12.92967044
-1,-1,1,,21.78673613
1,-1,1,,18.41315698
-1,1,1,,21.25158887
1,1,1,,16.62621269
-1,-1,-1,,16.36129719
1,-1,-1,,19.5888877
-1,1,-1,,18.16895212
1,1,-1,,24.34437035
-1,-1,1,,20.98660403
1,-1,1,,21.1642203
-1,1,1,,22.0000793
1,1,1,,20.62533216
-1,-1,-1,,17.3168214
1,-1,-1,,27.11186787
-1,1,-1,,24.97672771
1,1,-1,,17.41805092
-1,-1,1,,18.32926038
1,-1,1,,15.78321665
-1,1,1,,19.94492646
1,1,1,,19.71305212
-1,-1,-1,,21.4092196
1,-1,-1,,19.91661995
-1,1,-1,,20.00058037
1,1,-1,,15.51683164
-1,-1,1,,19.84103024
1,-1,1,,22.9624996
-1,1,1,,16.84344694
1,1,1,,21.11878432
-1,-1,-1,,22.09084242
1,-1,-1,,18.06187922
-1,1,-1,,25.95002035
1,1,-1,,16.82182708
-1,-1,1,,18.42382415
1,-1,1,,15.57854203
-1,1,1,,16.71303345
1,1,1,,13.63738386
-1,-1,-1,,23.45624977
1,-1,-1,,15.43769795
-1,1,-1,,22.7626453
1,1,-1,,15.76679397
-1,-1,1,,18.28408597
1,-1,1,,24.67069821
-1,1,1,,15.64495774
1,1,1,,18.77813999
-1,-1,-1,,18.52826181
1,-1,-1,,20.28652524
-1,1,-1,,23.61526489
1,1,-1,,16.00011538
-1,-1,1,,18.57012359
1,-1,1,,19.65612894
-1,1,1,,19.45226417
1,1,1,,18.96379982
-1,-1,-1,,18.25453262
1,-1,-1,,19.18673415
-1,1,-1,,22.1678427
1,1,-1,,18.59511153
-1,-1,1,,29.77031903
1,-1,1,,22.52453877
-1,1,1,,20.03149824
1,1,1,,18.34214367
-1,-1,-1,,24.79852223
1,-1,-1,,17.77253002
-1,1,-1,,14.52964186
1,1,-1,,18.3338539
-1,-1,1,,24.45520191
1,-1,1,,16.93095052
-1,1,1,,22.49167842
1,1,1,,21.85569603
-1,-1,-1,,21.12963236
1,-1,-1,,25.36737896
-1,1,-1,,26.28263865
1,1,-1,,17.33281519
-1,-1,1,,19.51975103
1,-1,1,,18.79782401
-1,1,1,,17.54080706
1,1,1,,18.4459924
-1,-1,-1,,23.58495806
1,-1,-1,,19.4599429
-1,1,-1,,22.80988442
1,1,-1,,13.32776619
-1,-1,1,,19.30050116
1,-1,1,,19.12698211
-1,1,1,,20.93781792
1,1,1,,22.85466748
-1,-1,-1,,22.47143944
1,-1,-1,,24.29945637
-1,1,-1,,17.53144544
1,1,-1,,15.35363683
-1,-1,1,,21.50948284
1,-1,1,,22.03439807
-1,1,1,,14.0913477
1,1,1,,16.97944435
-1,-1,-1,,21.52789906
1,-1,-1,,18.55459683
-1,1,-1,,18.76240214
1,1,-1,,17.34336335
-1,-1,1,,22.41307608
1,-1,1,,18.99661697
-1,1,1,,17.51787292
1,1,1,,15.70154207
-1,-1,-1,,23.21220202
1,-1,-1,,24.36730233
-1,1,-1,,23.1579759
1,1,-1,,22.39258
-1,-1,1,,26.42639494
1,-1,1,,20.18316938
-1,1,1,,21.59433911
1,1,1,,15.76439189
-1,-1,-1,,23.35146154
1,-1,-1,,17.98373307
-1,1,-1,,25.61964118
1,1,-1,,16.36364623
-1,-1,1,,18.24415511
1,-1,1,,19.22904667
-1,1,1,,18.40194628
1,1,1,,10.78088275
-1,-1,-1,,16.94001603
1,-1,-1,,20.59559875
-1,1,-1,,17.81753815
1,1,-1,,16.23400051
-1,-1,1,,17.13279563
1,-1,1,,19.87348192
-1,1,1,,17.57979547
1,1,1,,18.84539564
-1,-1,-1,,20.02346686
1,-1,-1,,19.9399496
-1,1,-1,,22.26693069
1,1,-1,,18.60799999
-1,-1,1,,25.57440852
1,-1,1,,18.67263153
-1,1,1,,19.26592177
1,1,1,,17.27451591
-1,-1,-1,,23.09866828
1,-1,-1,,24.72740767
-1,1,-1,,19.85666219
1,1,-1,,18.63332804
-1,-1,1,,13.83775386
1,-1,1,,23.8274202
-1,1,1,,19.47181459
1,1,1,,15.65645112
-1,-1,-1,,15.65487363
1,-1,-1,,16.03773436
-1,1,-1,,17.45230788
1,1,-1,,18.65871794
-1,-1,1,,23.06804904
1,-1,1,,23.83120371
-1,1,1,,24.07601247
1,1,1,,18.63872875
-1,-1,-1,,16.82282385
1,-1,-1,,11.31726594
-1,1,-1,,18.13687951
1,1,-1,,18.32986985
-1,-1,1,,21.39813094
1,-1,1,,23.82482711
-1,1,1,,22.12721865
1,1,1,,19.90894621
-1,-1,-1,,20.45350871
1,-1,-1,,20.7373912
-1,1,-1,,18.72685919
1,1,-1,,17.89793776
-1,-1,1,,21.71422625
1,-1,1,,16.59153992
-1,1,1,,18.92774164
1,1,1,,13.29176813
-1,-1,-1,,16.59566113
1,-1,-1,,23.85500041
-1,1,-1,,21.7942935
1,1,-1,,13.29238809
-1,-1,1,,21.69617771
1,-1,1,,20.10494279
-1,1,1,,23.1903792
1,1,1,,18.57299646
-1,-1,-1,,23.17444876
1,-1,-1,,21.00593467
-1,1,-1,,22.33803052
1,1,-1,,12.63115376
-1,-1,1,,23.85065938
1,-1,1,,19.75165214
-1,1,1,,21.01156346
1,1,1,,21.32196281
-1,-1,-1,,19.58294855
1,-1,-1,,16.81836385
-1,1,-1,,19.15118006
1,1,-1,,20.65180366
-1,-1,1,,19.24511046
1,-1,1,,20.17459578
-1,1,1,,21.18686031
1,1,1,,20.3234524
-1,-1,-1,,24.98420646
1,-1,-1,,18.26776789
-1,1,-1,,16.51498341
1,1,-1,,15.09219221
-1,-1,1,,16.34426429
1,-1,1,,24.33541692
-1,1,1,,25.29176646
1,1,1,,20.41353223
-1,-1,-1,,19.6993732
1,-1,-1,,20.70817127
-1,1,-1,,19.81364031
1,1,-1,,16.3912392
-1,-1,1,,18.87400044
1,-1,1,,21.46226764
-1,1,1,,22.58299067
1,1,1,,18.54909244
-1,-1,-1,,19.70423187
1,-1,-1,,15.94392697
-1,1,-1,,19.37284833
1,1,-1,,16.79102218
-1,-1,1,,17.38835147
1,-1,1,,17.7202923
-1,1,1,,19.80869467
1,1,1,,13.85780627
-1,-1,-1,,18.00503969
1,-1,-1,,22.65575582
-1,1,-1,,20.56877424
1,1,-1,,16.74661382
-1,-1,1,,17.48805576
1,-1,1,,22.24970374
-1,1,1,,19.05977632
1,1,1,,20.01144676
-1,-1,-1,,20.75403554
1,-1,-1,,23.63621817
-1,1,-1,,25.09455036
1,1,-1,,13.09693931
-1,-1,1,,21.22869021
1,-1,1,,19.3088591
-1,1,1,,18.33058181
1,1,1,,14.73872566
-1,-1,-1,,22.28037547
1,-1,-1,,19.48921392
-1,1,-1,,12.53853794
1,1,-1,,19.40041263
-1,-1,1,,19.65032133
1,-1,1,,21.8833766
-1,1,1,,23.98708372
1,1,1,,23.36347718
-1,-1,-1,,21.25891052
1,-1,-1,,14.35334974
-1,1,-1,,21.23067971
1,1,-1,,23.27797566
-1,-1,1,,17.45216295
1,-1,1,,15.66518125
-1,1,1,,23.67388458
1,1,1,,16.0375182
-1,-1,-1,,20.05998038
1,-1,-1,,17.84335793
-1,1,-1,,26.29124454
1,1,-1,,15.88339489
-1,-1,1,,22.56459004
1,-1,1,,22.89025905
-1,1,1,,20.64180435
1,1,1,,21.78641831
-1,-1,-1,,20.70200665
1,-1,-1,,15.79732245
-1,1,-1,,24.13556058
1,1,-1,,14.08207594
-1,-1,1,,17.35742483
1,-1,1,,17.46072574
-1,1,1,,19.49435332
1,1,1,,14.60098395
-1,-1,-1,,20.84382335
1,-1,-1,,19.45991301
-1,1,-1,,19.62763298
1,1,-1,,20.4033613
-1,-1,1,,21.96250961
1,-1,1,,18.68056814
-1,1,1,,20.35818555
1,1,1,,20.51849809
-1,-1,-1,,21.26218159
1,-1,-1,,22.53314894
-1,1,-1,,18.72046318
1,1,-1,,15.47321308
-1,-1,1,,9.181918239
1,-1,1,,22.63725919
-1,1,1,,19.6926251
1,1,1,,16.95106712
-1,-1,-1,,21.12829248
1,-1,-1,,23.27973782
-1,1,-1,,19.84876355
1,1,-1,,12.52960938
-1,-1,1,,18.44304978
1,-1,1,,16.55178497
-1,1,1,,14.89933302
1,1,1,,16.37821413
-1,-1,-1,,18.74282231
1,-1,-1,,18.83599852
-1,1,-1,,19.62836848
1,1,-1,,19.00993591
-1,-1,1,,16.98504783
1,-1,1,,25.27803734
-1,1,1,,17.53447372
1,1,1,,17.85776348
-1,-1,-1,,20.11927919
1,-1,-1,,19.48566631
-1,1,-1,,18.67071241
1,1,-1,,19.84104917
-1,-1,1,,16.32548084
1,-1,1,,25.76421683
-1,1,1,,12.97377169
1,1,1,,19.98332918
-1,-1,-1,,19.6822117
1,-1,-1,,19.83935348
-1,1,-1,,19.46721612
1,1,-1,,17.40350629
-1,-1,1,,20.9217867
1,-1,1,,23.24900298
-1,1,1,,19.60862426
1,1,1,,14.31136396
-1,-1,-1,,23.01754493
1,-1,-1,,23.78713731
-1,1,-1,,19.38665873
1,1,-1,,12.58124797
-1,-1,1,,23.15370554
1,-1,1,,16.70322124
-1,1,1,,25.87573193
1,1,1,,16.83545544
-1,-1,-1,,14.63387075
1,-1,-1,,23.52415012
-1,1,-1,,14.43923282
1,1,-1,,15.45875683
-1,-1,1,,20.21707842
1,-1,1,,22.85299195
-1,1,1,,19.59711766
1,1,1,,18.70808759
-1,-1,-1,,22.4407768
1,-1,-1,,19.1671028
-1,1,-1,,20.50871208
1,1,-1,,17.88399323
-1,-1,1,,17.26923183
1,-1,1,,22.98602081
-1,1,1,,17.53350322
1,1,1,,16.5083696
-1,-1,-1,,14.72993648
1,-1,-1,,20.17932611
-1,1,-1,,18.1197857
1,1,-1,,15.42875956
-1,-1,1,,21.2184741
1,-1,1,,12.51484256
-1,1,1,,18.55834817
1,1,1,,20.5033819
-1,-1,-1,,16.69067377
1,-1,-1,,18.98555169
-1,1,-1,,24.05074523
1,1,-1,,15.58527935
-1,-1,1,,16.27065423
1,-1,1,,21.22189801
-1,1,1,,19.06261601
1,1,1,,15.65554779
-1,-1,-1,,15.25364434
1,-1,-1,,23.3313265
-1,1,-1,,17.70468453
1,1,-1,,16.14439503
-1,-1,1,,18.33285014
1,-1,1,,16.28177057
-1,1,1,,20.42805314
1,1,1,,18.27072262
-1,-1,-1,,12.6588554
1,-1,-1,,17.49222746
-1,1,-1,,22.53317698
1,1,-1,,16.41173255
-1,-1,1,,24.62417128
1,-1,1,,22.3345036
-1,1,1,,21.30281392
1,1,1,,13.6947901
-1,-1,-1,,16.48212794
1,-1,-1,,19.42435847
-1,1,-1,,23.40857057
1,1,-1,,12.18074456
-1,-1,1,,17.90096968
1,-1,1,,23.14517865
-1,1,1,,20.54150186
1,1,1,,8.55564085
-1,-1,-1,,17.91040526
1,-1,-1,,22.76837137
-1,1,-1,,17.51023495
1,1,-1,,19.2385044
-1,-1,1,,20.7849526
1,-1,1,,21.53645207
-1,1,1,,22.02950926
1,1,1,,13.67687956
-1,-1,-1,,22.71527338
1,-1,-1,,21.62566713
-1,1,-1,,24.05776751
1,1,-1,,19.55396613
-1,-1,1,,17.15828809
1,-1,1,,19.70781414
-1,1,1,,20.05796298
1,1,1,,20.32591388
-1,-1,-1,,18.31792394
1,-1,-1,,16.56951431
-1,1,-1,,21.47855424
1,1,-1,,13.29131564
-1,-1,1,,25.61981749
1,-1,1,,15.96669066
-1,1,1,,21.60615822
1,1,1,,16.3041021
-1,-1,-1,,19.76590397
1,-1,-1,,16.74695193
-1,1,-1,,21.76125074
1,1,-1,,18.00719018
-1,-1,1,,26.71683311
1,-1,1,,13.13597263
-1,1,1,,16.98963454
1,1,1,,18.21601319
-1,-1,-1,,26.37442945
1,-1,-1,,18.51143449
-1,1,-1,,19.02209176
1,1,-1,,14.62786823
-1,-1,1,,15.30888531
1,-1,1,,25.24810384
-1,1,1,,23.59878027
1,1,1,,16.33245378
-1,-1,-1,,17.22442005
1,-1,-1,,21.0966867
-1,1,-1,,19.72777683
1,1,-1,,13.17380669
-1,-1,1,,20.75358344
1,-1,1,,26.17696987
-1,1,1,,21.70486995
1,1,1,,18.0902424
-1,-1,-1,,20.20614157
1,-1,-1,,12.29059741
-1,1,-1,,18.49409603
1,1,-1,,14.57213631
-1,-1,1,,16.94499104
1,-1,1,,18.61674673
-1,1,1,,17.34572782
1,1,1,,18.64398266
-1,-1,-1,,18.70114356
1,-1,-1,,17.92102293
-1,1,-1,,21.1631938
1,1,-1,,15.02639598
-1,-1,1,,22.17168854
1,-1,1,,23.10694134
-1,1,1,,19.60737126
1,1,1,,18.25847492
-1,-1,-1,,20.94985056
1,-1,-1,,19.46574143
-1,1,-1,,18.15951384
1,1,-1,,17.04498654
-1,-1,1,,18.89916578
1,-1,1,,16.63952419
-1,1,1,,20.11694655
1,1,1,,12.78113952
-1,-1,-1,,24.63541514
1,-1,-1,,19.64013272
-1,1,-1,,13.04965121
1,1,-1,,13.20177899
-1,-1,1,,18.28449718
1,-1,1,,25.24509612
-1,1,1,,17.08185827
1,1,1,,16.88776733
-1,-1,-1,,18.50713021
1,-1,-1,,18.00836517
-1,1,-1,,15.0126843
1,1,-1,,18.37215247
-1,-1,1,,22.69770918
1,-1,1,,20.20556759
-1,1,1,,21.19478534
1,1,1,,15.34910831
-1,-1,-1,,20.6967296
1,-1,-1,,21.71329884
-1,1,-1,,22.75938324
1,1,-1,,19.74393726
-1,-1,1,,21.5133277
1,-1,1,,23.97557024
-1,1,1,,19.15838636
1,1,1,,18.82413858
-1,-1,-1,,14.29295107
1,-1,-1,,19.02812605
-1,1,-1,,14.90659496
1,1,-1,,17.99683675
-1,-1,1,,24.61044176
1,-1,1,,20.43813882
-1,1,1,,25.89501497
1,1,1,,8.049978038
-1,-1,-1,,18.57219243
1,-1,-1,,20.12595138
-1,1,-1,,15.3283961
1,1,-1,,13.04075265
-1,-1,1,,17.54034366
1,-1,1,,17.03356012
-1,1,1,,18.20666978
1,1,1,,18.19344258
-1,-1,-1,,19.75155923
1,-1,-1,,19.46515285
-1,1,-1,,20.61027644
1,1,-1,,13.08903001
-1,-1,1,,18.68078718
1,-1,1,,19.1728082
-1,1,1,,20.08103247
1,1,1,,17.78215679
-1,-1,-1,,19.65844535
1,-1,-1,,20.48641388
-1,1,-1,,17.89336208
1,1,-1,,18.36479434
-1,-1,1,,22.09848112
1,-1,1,,18.06890085
-1,1,1,,18.83062452
1,1,1,,18.21374403
-1,-1,-1,,22.16555595
1,-1,-1,,20.9493371
-1,1,-1,,20.18792583
1,1,-1,,14.80532889
-1,-1,1,,14.2022177
1,-1,1,,21.68283406
-1,1,1,,18.47321637
1,1,1,,16.55492116
-1,-1,-1,,27.08810184
1,-1,-1,,15.80694617
-1,1,-1,,21.86401036
1,1,-1,,14.48248488
-1,-1,1,,16.60932008
1,-1,1,,21.2067665
-1,1,1,,24.67380823
1,1,1,,24.41902744
-1,-1,-1,,19.54836871
1,-1,-1,,19.24199001
-1,1,-1,,22.60503929
1,1,-1,,14.14109481
-1,-1,1,,12.70950563
1,-1,1,,13.84742263
-1,1,1,,14.96782393
1,1,1,,16.62886848
-1,-1,-1,,20.04538004
1,-1,-1,,22.64910085
-1,1,-1,,22.97553677
1,1,-1,,18.67428485
-1,-1,1,,19.7746489
1,-1,1,,18.13504804
-1,1,1,,19.05645591
1,1,1,,16.96940715
-1,-1,-1,,19.66680175
1,-1,-1,,23.67897628
-1,1,-1,,23.76286672
1,1,-1,,13.22976757
-1,-1,1,,15.63440014
1,-1,1,,22.17905154
-1,1,1,,22.09816134
1,1,1,,15.48889787
-1,-1,-1,,20.45011059
1,-1,-1,,18.0194542
-1,1,-1,,15.43734674
1,1,-1,,19.11422052
-1,-1,1,,17.54147663
1,-1,1,,15.0612074
-1,1,1,,19.80768378
1,1,1,,20.59636059
-1,-1,-1,,22.79817084
1,-1,-1,,21.60663888
-1,1,-1,,16.83694874
1,1,-1,,17.06471197
-1,-1,1,,17.73532487
1,-1,1,,16.88688479
-1,1,1,,16.44713706
1,1,1,,13.53411197
-1,-1,-1,,15.21950645
1,-1,-1,,16.46455198
-1,1,-1,,14.89154548
1,1,-1,,15.26418259
-1,-1,1,,26.71664557
1,-1,1,,17.39452851
-1,1,1,,23.49496563
1,1,1,,18.09171187
-1,-1,-1,,25.93119904
1,-1,-1,,18.22326485
-1,1,-1,,17.65756133
1,1,-1,,16.28522004
-1,-1,1,,20.38400825
1,-1,1,,19.31590835
-1,1,1,,22.795291
1,1,1,,19.97172811
-1,-1,-1,,15.47751216
1,-1,-1,,19.93901347
-1,1,-1,,26.47675171
1,1,-1,,17.05464453
-1,-1,1,,19.33794016
1,-1,1,,22.66816023
-1,1,1,,19.50022375
1,1,1,,17.45701452
-1,-1,-1,,22.4638059
1,-1,-1,,17.23840626
-1,1,-1,,21.84380474
1,1,-1,,15.44161198
-1,-1,1,,21.73678568
1,-1,1,,22.39022282
-1,1,1,,18.28942652
1,1,1,,15.80330402
-1,-1,-1,,23.53920112
1,-1,-1,,28.51203896
-1,1,-1,,18.88886861
1,1,-1,,15.3137828
-1,-1,1,,18.713584
1,-1,1,,19.17230913
-1,1,1,,17.94756271
1,1,1,,16.24040207
-1,-1,-1,,18.16326116
1,-1,-1,,21.21748258
-1,1,-1,,19.73128658
1,1,-1,,14.59478527
-1,-1,1,,15.29877862
1,-1,1,,24.45086451
-1,1,1,,16.62323693
1,1,1,,18.26550902
-1,-1,-1,,15.96969944
1,-1,-1,,19.37832028
-1,1,-1,,19.5636979
1,1,-1,,18.1148026
-1,-1,1,,24.21357731
1,-1,1,,19.01072306
-1,1,1,,22.28772272
1,1,1,,14.55556368
-1,-1,-1,,26.75203566
1,-1,-1,,18.96198703
-1,1,-1,,15.92786289
1,1,-1,,14.66061805
-1,-1,1,,19.09883603
1,-1,1,,16.36475238
-1,1,1,,21.93265156
1,1,1,,13.81362745
-1,-1,-1,,14.02877402
1,-1,-1,,19.36715277
-1,1,-1,,18.21420008
1,1,-1,,17.92526836
-1,-1,1,,24.32061835
1,-1,1,,22.08578409
-1,1,1,,17.29389293
1,1,1,,11.905622
-1,-1,-1,,20.34512107
1,-1,-1,,17.37796627
-1,1,-1,,21.40419565
1,1,-1,,14.65938151
-1,-1,1,,22.44355251
1,-1,1,,21.10249308
-1,1,1,,22.26761164
1,1,1,,14.09715901
-1,-1,-1,,18.56931637
1,-1,-1,,22.1890547
-1,1,-1,,20.45294491
1,1,-1,,19.00721258
-1,-1,1,,18.00238122
1,-1,1,,20.05258961
-1,1,1,,20.5690699
1,1,1,,15.62964778
-1,-1,-1,,23.6142805
1,-1,-1,,23.35251514
-1,1,-1,,14.50437402
1,1,-1,,14.50345153
-1,-1,1,,20.02470115
1,-1,1,,14.02188423
-1,1,1,,21.10701904
1,1,1,,19.26687662
-1,-1,-1,,20.29200087
1,-1,-1,,22.62284834
-1,1,-1,,22.22489151
1,1,-1,,13.43970843
-1,-1,1,,18.95195801
1,-1,1,,17.83971476
-1,1,1,,18.62378521
1,1,1,,12.79706227
-1,-1,-1,,22.0359462
1,-1,-1,,20.48929233
-1,1,-1,,20.28521662
1,1,-1,,19.13234337
-1,-1,1,,19.25516871
1,-1,1,,22.78150227
-1,1,1,,21.41474293
1,1,1,,16.94347456
-1,-1,-1,,18.7850057
1,-1,-1,,17.72055314
-1,1,-1,,20.67517445
1,1,-1,,17.27104972
-1,-1,1,,18.18018499
1,-1,1,,22.58653694
-1,1,1,,18.83445781
1,1,1,,18.88424676
-1,-1,-1,,16.15175327
1,-1,-1,,20.50368052
-1,1,-1,,19.53428419
1,1,-1,,14.82624634
-1,-1,1,,24.363168
1,-1,1,,21.31822119
-1,1,1,,22.64231166
1,1,1,,13.76903807
-1,-1,-1,,24.98552152
1,-1,-1,,21.68185678
-1,1,-1,,19.83046258
1,1,-1,,13.91043546
-1,-1,1,,17.05801033
1,-1,1,,18.85512426
-1,1,1,,24.24810014
1,1,1,,15.9959724
-1,-1,-1,,16.94201286
1,-1,-1,,13.23598965
-1,1,-1,,23.52863262
1,1,-1,,21.16538579
-1,-1,1,,16.88405163
1,-1,1,,19.45385566
-1,1,1,,18.79990665
1,1,1,,19.41473346
-1,-1,-1,,22.42010437
1,-1,-1,,16.61278323
-1,1,-1,,18.74992244
1,1,-1,,13.92681422
-1,-1,1,,19.09487849
1,-1,1,,17.16001456
-1,1,1,,23.73580713
1,1,1,,16.78683795
-1,-1,-1,,19.66079281
1,-1,-1,,14.65851549
-1,1,-1,,20.4051677
1,1,-1,,16.26680258
-1,-1,1,,20.59845112
1,-1,1,,17.37178072
-1,1,1,,16.55510424
1,1,1,,12.69286252
-1,-1,-1,,22.82701194
1,-1,-1,,23.26558463
-1,1,-1,,20.87023445
1,1,-1,,19.63852381
-1,-1,1,,18.34452299
1,-1,1,,24.123995
-1,1,1,,16.47759204
1,1,1,,19.64515033
-1,-1,-1,,21.71972906
1,-1,-1,,20.07630488
-1,1,-1,,24.58665973
1,1,-1,,14.10650182
-1,-1,1,,20.12576323
1,-1,1,,23.63749065
-1,1,1,,23.6483803
1,1,1,,17.35969202
-1,-1,-1,,21.53848646
1,-1,-1,,18.10528474
-1,1,-1,,13.48737241
1,1,-1,,15.84085815
-1,-1,1,,17.45099263
1,-1,1,,15.77583233
-1,1,1,,19.69993411
1,1,1,,12.90574072
-1,-1,-1,,20.19391726
1,-1,-1,,13.91629614
-1,1,-1,,22.30115228
1,1,-1,,22.20705483
-1,-1,1,,21.15422377
1,-1,1,,19.1926446
-1,1,1,,22.69172681
1,1,1,,18.52273762
-1,-1,-1,,18.14546522
1,-1,-1,,19.73121188
-1,1,-1,,20.43135445
1,1,-1,,20.67518277
-1,-1,1,,19.36434561
1,-1,1,,16.297532
-1,1,1,,22.28271402
1,1,1,,16.47420287
-1,-1,-1,,17.36234269
1,-1,-1,,20.2392804
-1,1,-1,,14.52179998
1,1,-1,,12.48931817
-1,-1,1,,17.87856573
1,-1,1,,14.85952956
-1,1,1,,20.20616945
1,1,1,,17.06609332
-1,-1,-1,,20.9186475
1,-1,-1,,13.96326965
-1,1,-1,,20.75211948
1,1,-1,,19.16210435
-1,-1,1,,18.67592536
1,-1,1,,21.72124634
-1,1,1,,14.87327781
1,1,1,,15.19107
-1,-1,-1,,15.93534883
1,-1,-1,,20.25760359
-1,1,-1,,16.95193792
1,1,-1,,18.43247727
-1,-1,1,,20.69980943
1,-1,1,,15.88494905
-1,1,1,,20.42917847
1,1,1,,20.68864925
-1,-1,-1,,16.16654995
1,-1,-1,,17.85832971
-1,1,-1,,19.97084358
1,1,-1,,19.88511587
-1,-1,1,,23.26416469
1,-1,1,,20.86592815
-1,1,1,,19.31073342
1,1,1,,13.87303372
-1,-1,-1,,25.68508634
1,-1,-1,,21.733661
-1,1,-1,,15.90150239
1,1,-1,,19.85760342
-1,-1,1,,19.31312022
1,-1,1,,17.75110214
-1,1,1,,18.21636888
1,1,1,,14.54790831
-1,-1,-1,,21.52707387
1,-1,-1,,20.85591843
-1,1,-1,,25.33856451
1,1,-1,,15.66057404
-1,-1,1,,18.70180175
1,-1,1,,21.34757044
-1,1,1,,17.64705414
1,1,1,,16.56239345
-1,-1,-1,,19.48388546
1,-1,-1,,14.88185591
-1,1,-1,,19.83370248
1,1,-1,,17.59331366
-1,-1,1,,19.67103678
1,-1,1,,21.92561952
-1,1,1,,18.63072983
1,1,1,,17.65514393
-1,-1,-1,,22.19703915
1,-1,-1,,20.62770489
-1,1,-1,,15.2211344
1,1,-1,,19.68935082
-1,-1,1,,19.96890302
1,-1,1,,18.32227886
-1,1,1,,19.39970716
1,1,1,,14.87732433
-1,-1,-1,,17.95822032
1,-1,-1,,24.81454234
-1,1,-1,,18.6234106
1,1,-1,,14.86188527
-1,-1,1,,15.96373701
1,-1,1,,20.06155537
-1,1,1,,18.89561411
1,1,1,,19.93003104
-1,-1,-1,,15.9538295
1,-1,-1,,17.78452868
-1,1,-1,,22.60797106
1,1,-1,,16.04983514
-1,-1,1,,28.67124986
1,-1,1,,18.87731339
-1,1,1,,19.63875634
1,1,1,,14.49022342
-1,-1,-1,,20.8859812
1,-1,-1,,20.69243639
-1,1,-1,,18.26563602
1,1,-1,,17.94203074
-1,-1,1,,24.18010805
1,-1,1,,24.15609264
-1,1,1,,19.32098662
1,1,1,,18.91858715
-1,-1,-1,,20.62367009
1,-1,-1,,17.47316815
-1,1,-1,,14.68879881
1,1,-1,,12.89778729
-1,-1,1,,21.83285729
1,-1,1,,23.10756073
-1,1,1,,20.17744923
1,1,1,,21.05281267
-1,-1,-1,,17.56466556
1,-1,-1,,19.07130082
-1,1,-1,,18.49717803
1,1,-1,,14.49207847
-1,-1,1,,15.28246333
1,-1,1,,20.65831327
-1,1,1,,20.0337438
1,1,1,,22.19904209
-1,-1,-1,,22.15593821
1,-1,-1,,21.91777447
-1,1,-1,,17.44567661
1,1,-1,,16.13610214
-1,-1,1,,19.8985689
1,-1,1,,23.03364223
-1,1,1,,19.98382556
1,1,1,,19.73932269
-1,-1,-1,,16.03496882
1,-1,-1,,15.66441563
-1,1,-1,,20.94803988
1,1,-1,,17.74554516
-1,-1,1,,18.6135632
1,-1,1,,16.86956398
-1,1,1,,23.61746132
1,1,1,,12.09664748
-1,-1,-1,,20.75791156
1,-1,-1,,20.49895367
-1,1,-1,,19.24505245
1,1,-1,,11.63318023
-1,-1,1,,19.24788085
1,-1,1,,21.86787365
-1,1,1,,19.91168447
1,1,1,,11.19640614
-1,-1,-1,,22.9719722
1,-1,-1,,19.35744136
-1,1,-1,,19.17632656
1,1,-1,,19.02051303
-1,-1,1,,19.19743083
1,-1,1,,17.36812838
-1,1,1,,20.196336
1,1,1,,15.06434439
-1,-1,-1,,22.35886913
1,-1,-1,,17.84346468
-1,1,-1,,18.22653608
1,1,-1,,16.74032064
-1,-1,1,,21.15442342
1,-1,1,,21.84345648
-1,1,1,,21.32968702
1,1,1,,18.53652129
-1,-1,-1,,20.95196722
1,-1,-1,,20.94291233
-1,1,-1,,17.46689571
1,1,-1,,13.60944382
-1,-1,1,,19.6383936
1,-1,1,,15.93768531
-1,1,1,,24.63273641
1,1,1,,15.1181969
-1,-1,-1,,17.15074975
1,-1,-1,,15.5673277
-1,1,-1,,22.06831537
1,1,-1,,15.53679142
-1,-1,1,,17.14007664
1,-1,1,,18.67979274
-1,1,1,,21.2749874
1,1,1,,18.25675074
-1,-1,-1,,16.24041799
1,-1,-1,,23.8960772
-1,1,-1,,23.88287499
1,1,-1,,15.98593866
-1,-1,1,,20.79841891
1,-1,1,,17.92868967
-1,1,1,,18.17329947
1,1,1,,17.5641544
-1,-1,-1,,19.10868458
1,-1,-1,,17.87479898
-1,1,-1,,19.51573194
1,1,-1,,16.88648805
-1,-1,1,,18.08738366
1,-1,1,,15.52638273
-1,1,1,,18.32603186
1,1,1,,14.97378526
-1,-1,-1,,22.38420304
1,-1,-1,,20.27451483
-1,1,-1,,20.29120335
1,1,-1,,19.85048436
-1,-1,1,,15.11135141
1,-1,1,,17.60096067
-1,1,1,,18.63940279
1,1,1,,14.26660297
-1,-1,-1,,19.11261212
1,-1,-1,,21.38004983
-1,1,-1,,20.20681948
1,1,-1,,19.14195874
-1,-1,1,,21.23885477
1,-1,1,,27.14649013
-1,1,1,,21.93947919
1,1,1,,20.26018566
-1,-1,-1,,19.80151444
1,-1,-1,,18.54320497
-1,1,-1,,20.27205655
1,1,-1,,10.78783671
-1,-1,1,,23.61821979
1,-1,1,,23.48458234
-1,1,1,,18.02186911
1,1,1,,9.709936481
-1,-1,-1,,17.62440502
1,-1,-1,,24.4122885
-1,1,-1,,22.03626029
1,1,-1,,17.81285551
-1,-1,1,,19.26040098
1,-1,1,,24.45123732
-1,1,1,,14.10573887
1,1,1,,15.85054923
-1,-1,-1,,22.39956445
1,-1,-1,,17.18709838
-1,1,-1,,25.16630637
1,1,-1,,21.89908399
-1,-1,1,,23.14519653
1,-1,1,,13.23714839
-1,1,1,,24.44959058
1,1,1,,15.04034121
-1,-1,-1,,24.8657651
1,-1,-1,,15.44817291
-1,1,-1,,22.89644956
1,1,-1,,23.17100332
-1,-1,1,,22.21243862
1,-1,1,,17.54391713
-1,1,1,,22.30954936
1,1,1,,21.43785353
-1,-1,-1,,22.18378119
1,-1,-1,,22.49373699
-1,1,-1,,11.25016268
1,1,-1,,10.68756486
-1,-1,1,,17.09755212
1,-1,1,,21.79095054
-1,1,1,,19.96729858
1,1,1,,18.79573368
-1,-1,-1,,22.85004138
1,-1,-1,,22.87781165
-1,1,-1,,18.57015265
1,1,-1,,13.55987519
-1,-1,1,,15.4636602
1,-1,1,,22.43396487
-1,1,1,,19.85062285
1,1,1,,18.96125006
-1,-1,-1,,21.57851533
1,-1,-1,,16.244185
-1,1,-1,,12.9170012
1,1,-1,,14.60147737
-1,-1,1,,15.40704925
1,-1,1,,22.57380179
-1,1,1,,24.37050278
1,1,1,,14.92046932
-1,-1,-1,,16.97032187
1,-1,-1,,19.83180083
-1,1,-1,,25.62983363
1,1,-1,,15.96316144
-1,-1,1,,25.93603347
1,-1,1,,19.61042149
-1,1,1,,23.40936254
1,1,1,,20.59911206
-1,-1,-1,,16.98098268
1,-1,-1,,18.11974526
-1,1,-1,,22.76810539
1,1,-1,,17.06892439
-1,-1,1,,23.94616718
1,-1,1,,23.45447773
-1,1,1,,23.43202662
1,1,1,,19.78511652
-1,-1,-1,,22.25842196
1,-1,-1,,18.91775405
-1,1,-1,,22.01557632
1,1,-1,,11.48397375
-1,-1,1,,17.48525581
1,-1,1,,19.43119175
-1,1,1,,22.80843932
1,1,1,,16.94539053
-1,-1,-1,,21.15304855
1,-1,-1,,17.08028617
-1,1,-1,,21.87139464
1,1,-1,,17.53854701
-1,-1,1,,19.38359879
1,-1,1,,19.72409876
-1,1,1,,20.52206333
1,1,1,,11.35245444
-1,-1,-1,,22.26491442
1,-1,-1,,23.79272603
-1,1,-1,,17.83393342
1,1,-1,,17.62221665
-1,-1,1,,21.80973705
1,-1,1,,15.38149378
-1,1,1,,22.16977975
1,1,1,,14.27531875
-1,-1,-1,,15.57521339
1,-1,-1,,22.20696225
-1,1,-1,,15.66906521
1,1,-1,,19.41897038
-1,-1,1,,24.0339222
1,-1,1,,18.34156725
-1,1,1,,23.60496909
1,1,1,,18.67595864
-1,-1,-1,,15.06554526
1,-1,-1,,24.02181692
-1,1,-1,,20.0813792
1,1,-1,,18.75153717
-1,-1,1,,23.24124455
1,-1,1,,18.04364633
-1,1,1,,19.4818996
1,1,1,,11.4800004
-1,-1,-1,,18.47996348
1,-1,-1,,21.62649169
-1,1,-1,,23.08064664
1,1,-1,,11.78459392
-1,-1,1,,17.50406764
1,-1,1,,21.77661361
-1,1,1,,18.10165042
1,1,1,,12.95053605
-1,-1,-1,,23.48105466
1,-1,-1,,20.79841185
-1,1,-1,,14.06235735
1,1,-1,,14.07921998
-1,-1,1,,19.10182503
1,-1,1,,21.54474884
-1,1,1,,16.91392693
1,1,1,,16.10649147
-1,-1,-1,,18.79050446
1,-1,-1,,19.68642904
-1,1,-1,,19.04585709
1,1,-1,,18.93196015
-1,-1,1,,21.61048639
1,-1,1,,15.06188649
-1,1,1,,17.17250303
1,1,1,,14.3034433
-1,-1,-1,,21.37963892
1,-1,-1,,18.20964601
-1,1,-1,,18.30931362
1,1,-1,,21.21080007
-1,-1,1,,24.61228046
1,-1,1,,18.16282517
-1,1,1,,15.43357967
1,1,1,,13.52565182
-1,-1,-1,,19.01519113
1,-1,-1,,16.0132521
-1,1,-1,,21.00634812
1,1,-1,,16.21573689
-1,-1,1,,15.01421561
1,-1,1,,16.93514444
-1,1,1,,22.37031797
1,1,1,,21.36471116
-1,-1,-1,,18.58643807
1,-1,-1,,20.17022481
-1,1,-1,,22.68531741
1,1,-1,,15.5694902
-1,-1,1,,20.17379574
1,-1,1,,24.0028258
-1,1,1,,21.70689184
1,1,1,,10.7363634
-1,-1,-1,,11.98117501
1,-1,-1,,18.60296197
-1,1,-1,,24.93534627
1,1,-1,,16.15752291
-1,-1,1,,19.04180265
1,-1,1,,19.95845853
-1,1,1,,18.81021524
1,1,1,,21.10264703
-1,-1,-1,,20.11376267
1,-1,-1,,17.10903275
-1,1,-1,,23.24828664
1,1,-1,,15.48496018
-1,-1,1,,23.62860093
1,-1,1,,17.22288933
-1,1,1,,21.15069889
1,1,1,,16.61406178
-1,-1,-1,,23.24988235
1,-1,-1,,16.88379522
-1,1,-1,,24.36997456
1,1,-1,,16.25284979
-1,-1,1,,23.82351717
1,-1,1,,21.39740394
-1,1,1,,19.09479223
1,1,1,,15.9691622
-1,-1,-1,,18.68837528
1,-1,-1,,21.46264131
-1,1,-1,,23.77545646
1,1,-1,,23.04290772
-1,-1,1,,21.4523537
1,-1,1,,19.59647631
-1,1,1,,21.33247698
1,1,1,,20.89604683
-1,-1,-1,,18.41544492
1,-1,-1,,14.55383657
-1,1,-1,,19.02686865
1,1,-1,,18.2998191
-1,-1,1,,22.26135871
1,-1,1,,21.03104557
-1,1,1,,19.91854257
1,1,1,,12.54028928
-1,-1,-1,,22.61177636
1,-1,-1,,20.13582211
-1,1,-1,,15.69210134
1,1,-1,,16.23325244
-1,-1,1,,15.80784591
1,-1,1,,14.26879418
-1,1,1,,20.34247168
1,1,1,,13.68755524
-1,-1,-1,,21.60365057
1,-1,-1,,15.43040372
-1,1,-1,,20.60628763
1,1,-1,,16.62885786
-1,-1,1,,19.98394712
1,-1,1,,17.32841291
-1,1,1,,20.57759853
1,1,1,,17.70088579
-1,-1,-1,,22.14830065
1,-1,-1,,19.59670249
-1,1,-1,,23.05465464
1,1,-1,,18.42302788
-1,-1,1,,16.65605946
1,-1,1,,21.94611039
-1,1,1,,22.61834395
1,1,1,,16.8068034
-1,-1,-1,,19.72820481
1,-1,-1,,19.59707323
-1,1,-1,,21.75762802
1,1,-1,,14.86587732
-1,-1,1,,18.1848346
1,-1,1,,24.59254801
-1,1,1,,17.22868939
1,1,1,,14.9091651
-1,-1,-1,,15.19865287
1,-1,-1,,17.73379056
-1,1,-1,,17.93115261
1,1,-1,,20.30279318
-1,-1,1,,19.62777034
1,-1,1,,16.1112226
-1,1,1,,21.72205754
1,1,1,,13.73790203
-1,-1,-1,,21.66672997
1,-1,-1,,21.91057029
-1,1,-1,,17.37837691
1,1,-1,,15.58141222
-1,-1,1,,18.04648326
1,-1,1,,22.02037988
-1,1,1,,18.24236761
1,1,1,,17.0063501
-1,-1,-1,,20.26618733
1,-1,-1,,20.67247854
-1,1,-1,,18.17381966
1,1,-1,,19.79426321
-1,-1,1,,22.63477914
1,-1,1,,22.53847844
-1,1,1,,17.90209395
1,1,1,,18.29059709
-1,-1,-1,,23.35635879
1,-1,-1,,22.4872859
-1,1,-1,,16.74852909
1,1,-1,,15.87435521
-1,-1,1,,26.63205273
1,-1,1,,15.55837132
-1,1,1,,20.07182491
1,1,1,,18.59353449
-1,-1,-1,,21.12255921
1,-1,-1,,16.32519406
-1,1,-1,,19.88383938
1,1,-1,,18.27562522
-1,-1,1,,18.84956436
1,-1,1,,16.14964773
-1,1,1,,19.65316521
1,1,1,,19.36576913
-1,-1,-1,,20.77988874
1,-1,-1,,16.60881421
-1,1,-1,,21.98713995
1,1,-1,,17.20275402
-1,-1,1,,16.95325681
1,-1,1,,25.08161028
-1,1,1,,23.49501934
1,1,1,,11.49577439
-1,-1,-1,,23.90468541
1,-1,-1,,18.49744474
-1,1,-1,,21.2914817
1,1,-1,,23.44647991
-1,-1,1,,19.7885533
1,-1,1,,22.45439131
-1,1,1,,19.38178318
1,1,1,,15.10917609
-1,-1,-1,,27.99682507
1,-1,-1,,27.09561952
-1,1,-1,,24.66193637
1,1,-1,,15.06259201
-1,-1,1,,20.54271408
1,-1,1,,20.49421859
-1,1,1,,22.56153962
1,1,1,,17.47857597
-1,-1,-1,,12.0500339
1,-1,-1,,18.24520075
-1,1,-1,,18.04432561
1,1,-1,,17.13732223
-1,-1,1,,23.3543997
1,-1,1,,20.18738429
-1,1,1,,18.08491197
1,1,1,,18.49142596
-1,-1,-1,,21.93186137
1,-1,-1,,18.63187002
-1,1,-1,,22.66729806
1,1,-1,,15.91026953
-1,-1,1,,13.89978951
1,-1,1,,25.83013118
-1,1,1,,17.97477165
1,1,1,,17.21628588
-1,-1,-1,,18.70087271
1,-1,-1,,20.88833898
-1,1,-1,,19.81296408
1,1,-1,,21.35919648
-1,-1,1,,21.00034588
1,-1,1,,22.38233421
-1,1,1,,17.92846856
1,1,1,,14.91571194
-1,-1,-1,,18.60338812
1,-1,-1,,18.33214814
-1,1,-1,,19.55175765
1,1,-1,,15.36876048
-1,-1,1,,24.96109529
1,-1,1,,21.78379182
-1,1,1,,24.3434569
1,1,1,,17.2032327
-1,-1,-1,,21.71852387
1,-1,-1,,22.17496841
-1,1,-1,,23.07512958
1,1,-1,,14.75159856
-1,-1,1,,19.83789178
1,-1,1,,22.52341073
-1,1,1,,16.31311666
1,1,1,,16.40007266
-1,-1,-1,,21.89156485
1,-1,-1,,15.77326424
-1,1,-1,,18.45429084
1,1,-1,,18.8033581
-1,-1,1,,21.93212465
1,-1,1,,16.58922195
-1,1,1,,22.8010874
1,1,1,,18.01724833
-1,-1,-1,,21.68033682
1,-1,-1,,20.70437665
-1,1,-1,,18.13541368
1,1,-1,,17.29959616
-1,-1,1,,11.02175301
1,-1,1,,15.65408521
-1,1,1,,20.31258378
1,1,1,,17.05149924